{"cameraMode":{"drawMode":0,"name":"Shaded","section":"Shading Mode"},"sceneLighting":false,"audioPlay":false,"sceneViewState":{"showFog":true,"showMaterialUpdate":false,"showSkybox":false,"showFlares":true,"showImageEffects":true,"showParticleSystems":true},"in2DMode":false,"pivot":{"x":12.522439956665039,"y":0.07197102904319763,"z":-1.1071021556854249},"rotation":{"x":0.01415513176470995,"y":-0.6876299977302551,"z":0.013410348445177079,"w":0.7258017063140869},"size":7.03298807144165,"orthographic":false}