{"cameraMode":{"drawMode":0,"name":"Shaded","section":"Shading Mode"},"sceneLighting":false,"audioPlay":false,"sceneViewState":{"showFog":true,"showMaterialUpdate":false,"showSkybox":false,"showFlares":true,"showImageEffects":true,"showParticleSystems":true},"in2DMode":false,"pivot":{"x":13.080392837524414,"y":1.4623098373413087,"z":-1.900700569152832},"rotation":{"x":0.06418153643608093,"y":-0.541323184967041,"z":0.04149216040968895,"w":0.8373362421989441},"size":7.03298807144165,"orthographic":true}